feature,importance
bs3,0.1288670428065829
h_recent_avg_finish,0.09140069482767015
best_m,0.07119841829946394
spd_fl,0.05765617892850497
lr_pace,0.045504361570000255
bs1,0.03720166330684494
sharpe,0.035179511641784726
h_wet_avg,0.029728926773355785
h_max_pos_gained,0.02392373846244805
mean_s,0.0234211248668495
lr_std,0.021231210494975086
rs_q10,0.019805160403479658
dr2_all,0.019666385904434303
df_mean,0.01863740233594668
df_med,0.017971145044670112
total_laps,0.017102963800643144
mean_h,0.016371495430711775
h_tm_race_beat_pct,0.015591391282699296
ms3,0.014758138808334867
spd_i2,0.01429867208053468
dquad_s,0.013880245983503079
st_cnt,0.013034989549099032
spd_st,0.01242384191581263
rs_df_mean,0.01115145141240928
mean_m,0.011027478334720871
ms1,0.01091703535873814
h_top10_pct,0.010248589062226731
bst_pace,0.010032048476631724
ph_deg,0.00963513813416331
mom_fin,0.00924262694418672
h_points_total,0.009224702107675386
dlin_s,0.009086336565354387
h_tm_quali_beat_pct,0.008901713761198856
best_s,0.008180378699398924
q10_h,0.0076246220411413206
cnt_s,0.006411434094690305
spd_st_avg,0.005896686537401347
q10_s,0.005754470267130264
h_dnf_rate,0.005269538122786531
rs_df_q10,0.005184609747115784
cliff_m,0.005011703827285475
sbal,0.004969487114166637
h_pos_gained_std,0.004954948707388103
dquad_m,0.004426791746683065
h_avg_finish_2024,0.003997347223569957
cross_delta,0.003483401583822978
q10_m,0.003097601716092678
iqr,0.003041644005115163
dr2_m,0.002974368533871558
dlin_all,0.0029645000792759522
h_quali_std,0.0028973114586302016
dr2_s,0.0028380310432835677
longest_st,0.0026463905022383687
h_best_finish,0.0026414076670362146
dlin_m,0.0025536393107536814
h_avg_pos_gained,0.0025504383716379204
h_first_lap_std,0.0023565713858830907
bvt,0.0022760549317076065
cross_df_delta,0.002222442032273398
dlin_h,0.002216769945842605
qs_best,0.002070736735552929
rs_cnt,0.0020594418150687425
h_form_trend,0.0018065759525325168
cnt_m,0.0018052843651494245
best_h,0.0017496997761581934
push_pct,0.001686566235647738
ss1,0.0016259264753314435
h_tm_quali_total,0.0014918841157963384
df_q10,0.001446995189395924
dr2_h,0.0014388416465915003
ss2,0.0014187596744764316
cliff_s,0.0013825896339424238
h_dnf_count,0.0013553687404394034
dquad_h,0.0013028859097472783
df_std,0.001261096017500731
h_std_finish,0.0012481206864760278
tyre_pres,0.0012437658233132476
h_avg_first_lap_gain,0.0010960086351593375
spd_i1,0.0010426714907552888
cnt_h,0.0010327780365542575
h_median_pos_gained,0.000718075849807876
con_ac,0.0006556758338713063
h_wet_advantage,0.0006071458343364571
tm_faster,0.0005267265863469376
cliff_h,0.00045234362913610195
ss3,0.00044167169565570197
tm_d_best,0.00026794824337874023
