Pos,fm,Name,Driver,Team,win_pct,pod_pct,avg_pts,avg_fin,p10,p50,p90,score,P1_pct,P2_pct,P3_pct,P4_pct,P5_pct,P6_pct,P7_pct,P8_pct,P9_pct,P10_pct,P11_pct,P12_pct,P13_pct,P14_pct,P15_pct,P16_pct,P17_pct,P18_pct,P19_pct,P20_pct,P21_pct,P22_pct
1,>>,Max Verstappen,VER,Red Bull Racing,37.61,86.55000000000001,18.6165,2.9561,1.0,2.0,4.0,67.96718001012204,37.61,30.209999999999997,18.73,5.88,1.95,0.5700000000000001,0.25,0.12,0.02,0.03,0.02,0.0,0.0,0.0,0.01,0.01,0.0,0.0,0.0,0.0,0.0,4.590000000000001
2,>>,Charles Leclerc,LEC,Ferrari,31.16,81.14,17.2461,3.764,1.0,2.0,5.0,67.34503914939877,31.16,27.83,22.15,7.06,2.1,0.66,0.16,0.08,0.06,0.02,0.01,0.0,0.01,0.01,0.0,0.0,0.59,0.8200000000000001,0.42,0.37,5.4,1.09
3,>>,George Russell,RUS,Mercedes,27.02,81.39999999999999,17.1603,3.5457,1.0,2.0,5.0,66.88100297452883,27.02,30.29,24.09,8.309999999999999,2.5,0.9400000000000001,0.19,0.12,0.05,0.0,0.0,0.0,0.01,0.0,0.0,0.0,0.0,0.0,0.02,0.1,1.8499999999999999,4.51
4,^>,Lando Norris,NOR,McLaren,1.94,20.830000000000002,10.3489,5.7183,3.0,5.0,8.0,57.85865967273478,1.94,5.46,13.43,25.53,22.17,13.11,6.619999999999999,2.78,1.1900000000000002,0.5,0.33,0.12,0.12,0.02,0.01,0.02,0.58,0.6,0.27999999999999997,0.11,4.5600000000000005,0.52
5,^^,Kimi Antonelli,ANT,Mercedes,1.32,15.840000000000002,8.819,7.5437,3.0,5.0,20.0,57.67033227300922,1.32,3.7800000000000002,10.74,22.21,20.05,12.379999999999999,6.4,2.92,1.52,0.58,0.32,0.13999999999999999,0.09,0.03,0.04,0.18,0.04,0.6,4.08,4.569999999999999,4.63,3.38
6,>>,Lewis Hamilton,HAM,Ferrari,0.45999999999999996,7.41,7.6118,7.4251,4.0,6.0,18.0,54.40371837990648,0.45999999999999996,1.3299999999999998,5.62,14.469999999999999,19.33,19.23,13.54,7.470000000000001,3.81,1.92,0.96,0.52,0.29,0.15,0.06,0.03,0.44,0.83,1.49,0.89,5.510000000000001,1.6500000000000001
7,^>,Oliver Bearman,BEA,Haas F1 Team,0.2,3.9899999999999998,6.3756,8.1026,4.0,7.0,19.0,52.56406107925221,0.2,0.7000000000000001,3.09,9.25,14.799999999999999,18.92,16.89,11.4,6.6000000000000005,3.11,1.76,0.9199999999999999,0.42,0.32,0.11,0.22999999999999998,0.13999999999999999,0.35000000000000003,2.81,2.23,3.9,1.8499999999999999
8,v>,Oscar Piastri,PIA,McLaren,0.06999999999999999,0.8200000000000001,3.7257,9.1953,6.0,8.0,13.0,47.97940239758394,0.06999999999999999,0.12,0.63,2.21,5.3100000000000005,9.89,15.540000000000001,16.34,15.299999999999999,11.27,7.17,4.97,2.6,1.77,1.08,0.5700000000000001,0.3,0.09,0.05,0.38,0.45999999999999996,3.88
9,^>,Arvid Lindblad,LIN,Racing Bulls,0.06999999999999999,0.58,3.0404,9.995,6.0,9.0,15.0,46.9704227765721,0.06999999999999999,0.09,0.42,1.83,4.0,7.31,11.55,15.379999999999999,14.99,13.13,8.61,5.62,3.74,2.23,1.11,0.76,0.8099999999999999,1.0699999999999998,0.44999999999999996,0.37,5.19,1.27
10,^>,Esteban Ocon,OCO,Haas F1 Team,0.06,0.75,3.7325,9.3169,6.0,8.0,14.0,48.05851506502526,0.06,0.08,0.61,2.3800000000000003,5.16,10.0,15.24,17.31,14.649999999999999,11.020000000000001,6.87,4.06,2.3800000000000003,1.3299999999999998,0.8,0.52,0.8999999999999999,0.52,0.22999999999999998,0.08,5.29,0.51
11,v>,Nico Hulkenberg,HUL,Audi,0.03,0.06999999999999999,0.2601,14.7147,10.0,15.0,20.0,37.7278829892385,0.03,0.0,0.04,0.06999999999999999,0.06,0.22,0.77,1.68,2.65,4.82,7.199999999999999,8.91,10.879999999999999,11.66,12.509999999999998,10.440000000000001,8.32,5.58,3.34,2.35,5.63,2.8400000000000003
12,>>,Gabriel Bortoleto,BOR,Audi,0.02,0.19,1.0911,13.1198,8.0,12.0,20.0,43.0357379255234,0.02,0.03,0.13999999999999999,0.27,0.8500000000000001,1.97,3.8699999999999997,6.239999999999999,9.950000000000001,10.39,11.44,9.87,7.6499999999999995,6.25,4.35,2.77,1.47,1.11,3.5700000000000003,9.27,2.5700000000000003,5.949999999999999
13,v>,Valtteri Bottas,BOT,Cadillac,0.01,0.01,0.025,16.8658,14.0,17.0,20.0,31.86238344723042,0.01,0.0,0.0,0.01,0.01,0.01,0.04,0.13,0.29,0.61,0.8999999999999999,2.0500000000000003,4.3,6.49,10.32,15.370000000000001,18.16,16.689999999999998,13.170000000000002,7.180000000000001,2.2800000000000002,1.9800000000000002
14,v>,Sergio Perez,PER,Cadillac,0.01,0.02,0.0657,16.9668,13.0,17.0,22.0,33.89842354282055,0.01,0.01,0.0,0.01,0.05,0.06999999999999999,0.15,0.32,0.7000000000000001,1.38,2.53,3.52,5.970000000000001,8.200000000000001,10.34,12.629999999999999,12.72,10.93,6.569999999999999,3.49,3.84,16.56
15,v>,Liam Lawson,LAW,Racing Bulls,0.01,0.04,0.4142,14.4161,10.0,14.0,21.0,39.853291384116375,0.01,0.01,0.02,0.06,0.2,0.51,1.1900000000000002,2.7199999999999998,4.52,6.83,9.42,10.77,10.65,9.879999999999999,8.5,6.76,4.24,4.92,2.26,3.51,7.359999999999999,5.66
16,v>,Pierre Gasly,GAS,Alpine,0.01,0.08,0.6197,13.4784,9.0,13.0,20.0,40.50417714693678,0.01,0.01,0.06,0.11,0.4,1.05,1.8900000000000001,3.7600000000000002,5.87,8.799999999999999,11.1,11.42,11.42,10.059999999999999,8.309999999999999,5.8999999999999995,3.7699999999999996,2.2800000000000002,1.82,7.37,0.83,3.7600000000000002
17,v>,Alexander Albon,ALB,Williams,0.0,0.04,0.111,16.2312,12.0,16.0,21.0,35.45254889515387,0.0,0.0,0.04,0.01,0.08,0.11,0.33,0.6,1.16,2.0,3.44,5.12,7.380000000000001,9.74,11.469999999999999,12.1,10.879999999999999,8.6,8.36,7.630000000000001,4.9799999999999995,5.970000000000001
18,v>,Fernando Alonso,ALO,Aston Martin,0.0,0.0,0.0043,18.8208,16.0,19.0,21.0,23.846752439152866,0.0,0.0,0.0,0.0,0.0,0.02,0.0,0.02,0.06,0.06999999999999999,0.12,0.22,0.52,0.9299999999999999,2.67,5.48,11.540000000000001,17.630000000000003,22.07,21.44,11.18,6.03
19,>>,Franco Colapinto,COL,Alpine,0.0,0.05,0.5853,13.3741,9.0,13.0,19.0,40.50654001881551,0.0,0.01,0.04,0.12,0.3,0.8500000000000001,1.76,3.6799999999999997,6.12,8.99,10.459999999999999,12.4,11.93,10.979999999999999,8.4,6.0,3.61,2.1399999999999997,2.37,5.800000000000001,1.02,3.02
20,^>,Isack Hadjar,HAD,Red Bull Racing,0.0,0.15,0.9253,12.8158,8.0,12.0,19.0,41.83854827569251,0.0,0.04,0.11,0.16,0.58,1.83,2.97,5.66,8.290000000000001,10.76,11.76,11.85,10.09,8.16,5.94,4.47,2.91,2.7199999999999998,2.08,1.59,5.63,2.4
21,v>,Carlos Sainz,SAI,Williams,0.0,0.03,0.2132,15.4804,11.0,15.0,21.0,36.90103880679869,0.0,0.0,0.03,0.05,0.09,0.33,0.61,1.26,2.1399999999999997,3.75,5.510000000000001,7.290000000000001,9.24,10.94,12.16,11.01,9.01,6.13,3.52,1.31,5.949999999999999,9.67
22,v>,Lance Stroll,STR,Aston Martin,0.0,0.01,0.0083,19.1534,17.0,19.0,22.0,22.196940226567587,0.0,0.0,0.01,0.0,0.01,0.02,0.04,0.01,0.06,0.02,0.06999999999999999,0.22999999999999998,0.31,0.8500000000000001,1.81,4.75,9.569999999999999,16.39,21.04,19.96,11.940000000000001,12.91
