Driver,Team,score,win_pct,pod_pct,avg_pts,p10,p50,p90,avg_fin,Pos,Name,fm
VER,Red Bull Racing,67.96718001012204,37.61,86.55000000000001,18.6165,1.0,2.0,4.0,2.9561,1,Max Verstappen,>>
LEC,Ferrari,67.34503914939877,31.16,81.14,17.2461,1.0,2.0,5.0,3.764,2,Charles Leclerc,>>
RUS,Mercedes,66.88100297452883,27.02,81.39999999999999,17.1603,1.0,2.0,5.0,3.5457,3,George Russell,>>
NOR,McLaren,57.85865967273478,1.94,20.830000000000002,10.3489,3.0,5.0,8.0,5.7183,4,Lando Norris,^>
ANT,Mercedes,57.67033227300922,1.32,15.840000000000002,8.819,3.0,5.0,20.0,7.5437,5,Kimi Antonelli,^^
HAM,Ferrari,54.40371837990648,0.45999999999999996,7.41,7.6118,4.0,6.0,18.0,7.4251,6,Lewis Hamilton,>>
BEA,Haas F1 Team,52.56406107925221,0.2,3.9899999999999998,6.3756,4.0,7.0,19.0,8.1026,7,Oliver Bearman,^>
PIA,McLaren,47.97940239758394,0.06999999999999999,0.8200000000000001,3.7257,6.0,8.0,13.0,9.1953,8,Oscar Piastri,v>
LIN,Racing Bulls,46.9704227765721,0.06999999999999999,0.58,3.0404,6.0,9.0,15.0,9.995,9,Arvid Lindblad,^>
OCO,Haas F1 Team,48.05851506502526,0.06,0.75,3.7325,6.0,8.0,14.0,9.3169,10,Esteban Ocon,^>
HUL,Audi,37.7278829892385,0.03,0.06999999999999999,0.2601,10.0,15.0,20.0,14.7147,11,Nico Hulkenberg,v>
BOR,Audi,43.0357379255234,0.02,0.19,1.0911,8.0,12.0,20.0,13.1198,12,Gabriel Bortoleto,>>
BOT,Cadillac,31.86238344723042,0.01,0.01,0.025,14.0,17.0,20.0,16.8658,13,Valtteri Bottas,v>
PER,Cadillac,33.89842354282055,0.01,0.02,0.0657,13.0,17.0,22.0,16.9668,14,Sergio Perez,v>
LAW,Racing Bulls,39.853291384116375,0.01,0.04,0.4142,10.0,14.0,21.0,14.4161,15,Liam Lawson,v>
GAS,Alpine,40.50417714693678,0.01,0.08,0.6197,9.0,13.0,20.0,13.4784,16,Pierre Gasly,v>
ALB,Williams,35.45254889515387,0.0,0.04,0.111,12.0,16.0,21.0,16.2312,17,Alexander Albon,v>
ALO,Aston Martin,23.846752439152866,0.0,0.0,0.0043,16.0,19.0,21.0,18.8208,18,Fernando Alonso,v>
COL,Alpine,40.50654001881551,0.0,0.05,0.5853,9.0,13.0,19.0,13.3741,19,Franco Colapinto,>>
HAD,Red Bull Racing,41.83854827569251,0.0,0.15,0.9253,8.0,12.0,19.0,12.8158,20,Isack Hadjar,^>
SAI,Williams,36.90103880679869,0.0,0.03,0.2132,11.0,15.0,21.0,15.4804,21,Carlos Sainz,v>
STR,Aston Martin,22.196940226567587,0.0,0.01,0.0083,17.0,19.0,22.0,19.1534,22,Lance Stroll,v>
